datetime,guests,free,max
14.06.2021 00:00,306,2894,3200
14.06.2021 00:05,0,3200,3200
14.06.2021 00:10,0,3200,3200
14.06.2021 00:15,0,3200,3200
14.06.2021 00:20,0,3200,3200
14.06.2021 00:25,0,3200,3200
14.06.2021 00:30,0,3200,3200
14.06.2021 00:35,0,3200,3200
14.06.2021 00:40,0,3200,3200
14.06.2021 00:45,0,3200,3200
14.06.2021 00:50,0,3200,3200
14.06.2021 00:55,0,3200,3200
14.06.2021 01:00,0,3200,3200
14.06.2021 01:05,0,3200,3200
14.06.2021 01:10,0,3200,3200
14.06.2021 01:15,0,3200,3200
14.06.2021 01:20,0,3200,3200
14.06.2021 01:25,0,3200,3200
14.06.2021 01:30,0,3200,3200
14.06.2021 01:35,0,3200,3200
14.06.2021 01:40,0,3200,3200
14.06.2021 01:45,0,3200,3200
14.06.2021 01:50,0,3200,3200
14.06.2021 01:55,0,3200,3200
14.06.2021 02:00,0,3200,3200
14.06.2021 02:05,0,3200,3200
14.06.2021 02:10,0,3200,3200
14.06.2021 02:15,0,3200,3200
14.06.2021 02:20,0,3200,3200
14.06.2021 02:25,0,3200,3200
14.06.2021 02:30,0,3200,3200
14.06.2021 02:35,0,3200,3200
14.06.2021 02:40,0,3200,3200
14.06.2021 02:45,0,3200,3200
14.06.2021 02:50,0,3200,3200
14.06.2021 02:55,0,3200,3200
14.06.2021 03:00,0,3200,3200
14.06.2021 03:05,0,3200,3200
14.06.2021 03:10,0,3200,3200
14.06.2021 03:15,0,3200,3200
14.06.2021 03:20,0,3200,3200
14.06.2021 03:25,0,3200,3200
14.06.2021 03:30,0,3200,3200
14.06.2021 03:35,0,3200,3200
14.06.2021 03:40,0,3200,3200
14.06.2021 03:45,0,3200,3200
14.06.2021 03:50,0,3200,3200
14.06.2021 03:55,0,3200,3200
14.06.2021 04:00,0,3200,3200
14.06.2021 04:04,0,3200,3200
14.06.2021 04:10,0,3200,3200
14.06.2021 04:15,0,3200,3200
14.06.2021 04:20,0,3200,3200
14.06.2021 04:25,0,3200,3200
14.06.2021 04:30,0,3200,3200
14.06.2021 04:35,0,3200,3200
14.06.2021 04:40,0,3200,3200
14.06.2021 04:45,0,3200,3200
14.06.2021 04:50,0,3200,3200
14.06.2021 04:55,0,3200,3200
14.06.2021 05:00,0,3200,3200
14.06.2021 05:05,0,3200,3200
14.06.2021 05:10,0,3200,3200
14.06.2021 05:15,0,3200,3200
14.06.2021 05:20,0,3200,3200
14.06.2021 05:25,0,3200,3200
14.06.2021 05:30,0,3200,3200
14.06.2021 05:35,0,3200,3200
14.06.2021 05:40,0,3200,3200
14.06.2021 05:45,0,3200,3200
14.06.2021 05:50,0,3200,3200
14.06.2021 05:55,0,3200,3200
14.06.2021 06:00,0,3200,3200
14.06.2021 06:05,0,3200,3200
14.06.2021 06:10,0,3200,3200
14.06.2021 06:15,0,3200,3200
14.06.2021 06:20,0,3200,3200
14.06.2021 06:25,0,3200,3200
14.06.2021 06:30,0,3200,3200
14.06.2021 06:35,0,3200,3200
14.06.2021 06:40,0,3200,3200
14.06.2021 06:45,0,3200,3200
14.06.2021 06:50,0,3200,3200
14.06.2021 06:55,0,3200,3200
14.06.2021 07:00,0,3200,3200
14.06.2021 07:05,21,3179,3200
14.06.2021 07:10,23,3177,3200
14.06.2021 07:15,28,3172,3200
14.06.2021 07:20,36,3164,3200
14.06.2021 07:25,55,3145,3200
14.06.2021 07:30,59,3141,3200
14.06.2021 07:35,66,3134,3200
14.06.2021 07:40,67,3133,3200
14.06.2021 07:45,72,3128,3200
14.06.2021 07:50,75,3125,3200
14.06.2021 07:55,80,3120,3200
14.06.2021 08:00,86,3114,3200
14.06.2021 08:05,94,3106,3200
14.06.2021 08:10,99,3101,3200
14.06.2021 08:15,101,3099,3200
14.06.2021 08:20,125,3075,3200
14.06.2021 08:25,128,3072,3200
14.06.2021 08:30,135,3065,3200
14.06.2021 08:35,141,3059,3200
14.06.2021 08:40,152,3048,3200
14.06.2021 08:45,201,2999,3200
14.06.2021 08:50,201,2999,3200
14.06.2021 08:55,206,2994,3200
14.06.2021 09:00,233,2967,3200
14.06.2021 09:05,267,2933,3200
14.06.2021 09:10,271,2929,3200
14.06.2021 09:15,276,2924,3200
14.06.2021 09:20,286,2914,3200
14.06.2021 09:25,299,2901,3200
14.06.2021 09:30,298,2902,3200
14.06.2021 09:35,304,2896,3200
14.06.2021 09:40,306,2894,3200
14.06.2021 09:45,306,2894,3200
14.06.2021 09:50,309,2891,3200
14.06.2021 09:55,303,2897,3200
14.06.2021 10:00,310,2890,3200
14.06.2021 10:05,304,2896,3200
14.06.2021 10:10,308,2892,3200
14.06.2021 10:15,317,2883,3200
14.06.2021 10:20,324,2876,3200
14.06.2021 10:25,338,2862,3200
14.06.2021 10:30,364,2836,3200
14.06.2021 10:35,380,2820,3200
14.06.2021 10:40,417,2783,3200
14.06.2021 10:45,424,2776,3200
14.06.2021 10:50,422,2778,3200
14.06.2021 10:55,434,2766,3200
14.06.2021 11:00,448,2752,3200
14.06.2021 11:05,454,2746,3200
14.06.2021 11:10,456,2744,3200
14.06.2021 11:15,450,2750,3200
14.06.2021 11:20,452,2748,3200
14.06.2021 11:25,447,2753,3200
14.06.2021 11:30,459,2741,3200
14.06.2021 11:35,461,2739,3200
14.06.2021 11:40,473,2727,3200
14.06.2021 11:45,473,2727,3200
14.06.2021 11:50,499,2701,3200
14.06.2021 11:55,483,2717,3200
14.06.2021 12:00,488,2712,3200
14.06.2021 12:05,493,2707,3200
14.06.2021 12:10,501,2699,3200
14.06.2021 12:15,517,2683,3200
14.06.2021 12:20,522,2678,3200
14.06.2021 12:25,535,2665,3200
14.06.2021 12:30,565,2635,3200
14.06.2021 12:35,571,2629,3200
14.06.2021 12:40,579,2621,3200
14.06.2021 12:45,598,2602,3200
14.06.2021 12:50,614,2586,3200
14.06.2021 12:55,620,2580,3200
14.06.2021 13:00,632,2568,3200
14.06.2021 13:05,630,2570,3200
14.06.2021 13:10,636,2564,3200
14.06.2021 13:15,654,2546,3200
14.06.2021 13:20,660,2540,3200
14.06.2021 13:25,662,2538,3200
14.06.2021 13:30,666,2534,3200
14.06.2021 13:35,705,2495,3200
14.06.2021 13:40,728,2472,3200
14.06.2021 13:45,734,2466,3200
14.06.2021 13:50,751,2449,3200
14.06.2021 13:55,775,2425,3200
14.06.2021 14:00,813,2387,3200
14.06.2021 14:05,824,2376,3200
14.06.2021 14:10,885,2315,3200
14.06.2021 14:15,921,2279,3200
14.06.2021 14:20,933,2267,3200
14.06.2021 14:25,965,2235,3200
14.06.2021 14:30,988,2212,3200
14.06.2021 14:35,997,2203,3200
14.06.2021 14:40,1021,2179,3200
14.06.2021 14:45,1035,2165,3200
14.06.2021 14:50,1045,2155,3200
14.06.2021 14:55,1053,2147,3200
14.06.2021 15:00,1069,2131,3200
14.06.2021 15:05,1057,2143,3200
14.06.2021 15:10,1078,2122,3200
14.06.2021 15:15,1089,2111,3200
14.06.2021 15:20,1094,2106,3200
14.06.2021 15:25,1142,2058,3200
14.06.2021 15:30,1161,2039,3200
14.06.2021 15:35,0,3200,3200
14.06.2021 15:40,1168,2032,3200
14.06.2021 15:45,1185,2015,3200
14.06.2021 15:50,1175,2025,3200
14.06.2021 15:55,1183,2017,3200
14.06.2021 16:00,1187,2013,3200
14.06.2021 16:04,1177,2023,3200
14.06.2021 16:10,1198,2002,3200
14.06.2021 16:15,1208,1992,3200
14.06.2021 16:20,1210,1990,3200
14.06.2021 16:25,1207,1993,3200
14.06.2021 16:30,1210,1990,3200
14.06.2021 16:35,1205,1995,3200
14.06.2021 16:40,1204,1996,3200
14.06.2021 16:45,1193,2007,3200
14.06.2021 16:50,1192,2008,3200
14.06.2021 16:55,1195,2005,3200
14.06.2021 17:00,1206,1994,3200
14.06.2021 17:05,1203,1997,3200
14.06.2021 17:10,1201,1999,3200
14.06.2021 17:15,1186,2014,3200
14.06.2021 17:20,1176,2024,3200
14.06.2021 17:25,1186,2014,3200
14.06.2021 17:30,1179,2021,3200
14.06.2021 17:35,1173,2027,3200
14.06.2021 17:40,1174,2026,3200
14.06.2021 17:45,1160,2040,3200
14.06.2021 17:50,1159,2041,3200
14.06.2021 17:55,1164,2036,3200
14.06.2021 18:00,1167,2033,3200
14.06.2021 18:05,1150,2050,3200
14.06.2021 18:10,1140,2060,3200
14.06.2021 18:15,1151,2049,3200
14.06.2021 18:20,1142,2058,3200
14.06.2021 18:25,1128,2072,3200
14.06.2021 18:30,1097,2103,3200
14.06.2021 18:35,1109,2091,3200
14.06.2021 18:40,1105,2095,3200
14.06.2021 18:45,1097,2103,3200
14.06.2021 18:50,1091,2109,3200
14.06.2021 18:55,1088,2112,3200
14.06.2021 19:00,1070,2130,3200
14.06.2021 19:05,1041,2159,3200
14.06.2021 19:10,1024,2176,3200
14.06.2021 19:15,991,2209,3200
14.06.2021 19:20,972,2228,3200
14.06.2021 19:25,949,2251,3200
14.06.2021 19:30,927,2273,3200
14.06.2021 19:35,906,2294,3200
14.06.2021 19:40,870,2330,3200
14.06.2021 19:45,831,2369,3200
14.06.2021 19:50,765,2435,3200
14.06.2021 19:55,722,2478,3200
14.06.2021 20:00,668,2532,3200
14.06.2021 20:05,596,2604,3200
14.06.2021 20:10,568,2632,3200
14.06.2021 20:15,558,2642,3200
14.06.2021 20:20,549,2651,3200
14.06.2021 20:25,549,2651,3200
14.06.2021 20:30,544,2656,3200
14.06.2021 20:35,543,2657,3200
14.06.2021 20:40,539,2661,3200
14.06.2021 20:45,536,2664,3200
14.06.2021 20:50,536,2664,3200
14.06.2021 20:55,526,2674,3200
14.06.2021 21:00,526,2674,3200
14.06.2021 21:05,521,2679,3200
14.06.2021 21:10,516,2684,3200
14.06.2021 21:15,507,2693,3200
14.06.2021 21:20,497,2703,3200
14.06.2021 21:25,497,2703,3200
14.06.2021 21:30,492,2708,3200
14.06.2021 21:35,491,2709,3200
14.06.2021 21:40,491,2709,3200
14.06.2021 21:45,488,2712,3200
14.06.2021 21:50,484,2716,3200
14.06.2021 21:55,484,2716,3200
14.06.2021 22:00,481,2719,3200
14.06.2021 22:05,0,3200,3200
14.06.2021 22:10,475,2725,3200
14.06.2021 22:15,475,2725,3200
14.06.2021 22:20,475,2725,3200
14.06.2021 22:25,475,2725,3200
14.06.2021 22:30,474,2726,3200
14.06.2021 22:35,474,2726,3200
14.06.2021 22:40,474,2726,3200
14.06.2021 22:45,474,2726,3200
14.06.2021 22:50,474,2726,3200
14.06.2021 22:55,474,2726,3200
14.06.2021 23:00,474,2726,3200
14.06.2021 23:05,474,2726,3200
14.06.2021 23:10,474,2726,3200
14.06.2021 23:15,474,2726,3200
14.06.2021 23:20,474,2726,3200
14.06.2021 23:25,474,2726,3200
14.06.2021 23:30,474,2726,3200
14.06.2021 23:35,474,2726,3200
14.06.2021 23:40,474,2726,3200
14.06.2021 23:45,474,2726,3200
14.06.2021 23:50,474,2726,3200
14.06.2021 23:55,474,2726,3200
15.06.2021 00:00,472,2728,3200
15.06.2021 00:05,0,3200,3200
15.06.2021 00:10,0,3200,3200
15.06.2021 00:15,0,3200,3200
15.06.2021 00:20,0,3200,3200
15.06.2021 00:25,0,3200,3200
15.06.2021 00:30,0,3200,3200
15.06.2021 00:35,0,3200,3200
15.06.2021 00:40,0,3200,3200
15.06.2021 00:45,0,3200,3200
15.06.2021 00:50,0,3200,3200
15.06.2021 00:55,0,3200,3200
15.06.2021 01:00,0,3200,3200
15.06.2021 01:05,0,3200,3200
15.06.2021 01:10,0,3200,3200
15.06.2021 01:15,0,3200,3200
15.06.2021 01:20,0,3200,3200
15.06.2021 01:25,0,3200,3200
15.06.2021 01:30,0,3200,3200
15.06.2021 01:35,0,3200,3200
15.06.2021 01:40,0,3200,3200
15.06.2021 01:45,0,3200,3200
15.06.2021 01:50,0,3200,3200
15.06.2021 01:55,0,3200,3200
15.06.2021 02:00,0,3200,3200
15.06.2021 02:05,0,3200,3200
15.06.2021 02:10,0,3200,3200
15.06.2021 02:15,0,3200,3200
15.06.2021 02:20,0,3200,3200
15.06.2021 02:25,0,3200,3200
15.06.2021 02:30,0,3200,3200
15.06.2021 02:35,0,3200,3200
15.06.2021 02:40,0,3200,3200
15.06.2021 02:45,0,3200,3200
15.06.2021 02:50,0,3200,3200
15.06.2021 02:55,0,3200,3200
15.06.2021 03:00,0,3200,3200
15.06.2021 03:05,0,3200,3200
15.06.2021 03:10,0,3200,3200
15.06.2021 03:15,0,3200,3200
15.06.2021 03:20,0,3200,3200
15.06.2021 03:25,0,3200,3200
15.06.2021 03:30,0,3200,3200
15.06.2021 03:35,0,3200,3200
15.06.2021 03:40,0,3200,3200
15.06.2021 03:45,0,3200,3200
15.06.2021 03:50,0,3200,3200
15.06.2021 03:55,0,3200,3200
15.06.2021 04:00,0,3200,3200
15.06.2021 04:04,0,3200,3200
15.06.2021 04:10,0,3200,3200
15.06.2021 04:15,0,3200,3200
15.06.2021 04:20,0,3200,3200
15.06.2021 04:25,0,3200,3200
15.06.2021 04:30,0,3200,3200
15.06.2021 04:35,0,3200,3200
15.06.2021 04:40,0,3200,3200
15.06.2021 04:45,0,3200,3200
15.06.2021 04:50,0,3200,3200
15.06.2021 04:55,0,3200,3200
15.06.2021 05:00,0,3200,3200
15.06.2021 05:05,0,3200,3200
15.06.2021 05:10,0,3200,3200
15.06.2021 05:15,0,3200,3200
15.06.2021 05:20,0,3200,3200
15.06.2021 05:25,0,3200,3200
15.06.2021 05:30,0,3200,3200
15.06.2021 05:35,0,3200,3200
15.06.2021 05:40,0,3200,3200
15.06.2021 05:45,0,3200,3200
15.06.2021 05:50,0,3200,3200
15.06.2021 05:55,0,3200,3200
15.06.2021 06:00,0,3200,3200
15.06.2021 06:05,0,3200,3200
15.06.2021 06:10,0,3200,3200
15.06.2021 06:15,0,3200,3200
15.06.2021 06:20,0,3200,3200
15.06.2021 06:25,0,3200,3200
15.06.2021 06:30,0,3200,3200
15.06.2021 06:35,1,3199,3200
15.06.2021 06:40,1,3199,3200
15.06.2021 06:45,1,3199,3200
15.06.2021 06:50,1,3199,3200
15.06.2021 06:55,1,3199,3200
15.06.2021 07:00,1,3199,3200
15.06.2021 07:05,32,3168,3200
15.06.2021 07:10,39,3161,3200
15.06.2021 07:15,46,3154,3200
15.06.2021 07:20,50,3150,3200
15.06.2021 07:25,52,3148,3200
15.06.2021 07:30,54,3146,3200
15.06.2021 07:35,62,3138,3200
15.06.2021 07:40,65,3135,3200
15.06.2021 07:45,95,3105,3200
15.06.2021 07:50,105,3095,3200
15.06.2021 07:55,109,3091,3200
15.06.2021 08:00,110,3090,3200
15.06.2021 08:05,113,3087,3200
15.06.2021 08:10,113,3087,3200
15.06.2021 08:15,120,3080,3200
15.06.2021 08:20,124,3076,3200
15.06.2021 08:25,131,3069,3200
15.06.2021 08:30,142,3058,3200
15.06.2021 08:35,144,3056,3200
15.06.2021 08:40,157,3043,3200
15.06.2021 08:45,179,3021,3200
15.06.2021 08:50,205,2995,3200
15.06.2021 08:55,213,2987,3200
15.06.2021 09:00,223,2977,3200
15.06.2021 09:05,230,2970,3200
15.06.2021 09:10,216,2984,3200
15.06.2021 09:15,229,2971,3200
15.06.2021 09:20,257,2943,3200
15.06.2021 09:25,267,2933,3200
15.06.2021 09:30,268,2932,3200
15.06.2021 09:35,275,2925,3200
15.06.2021 09:40,296,2904,3200
15.06.2021 09:45,313,2887,3200
15.06.2021 09:50,332,2868,3200
15.06.2021 09:55,334,2866,3200
15.06.2021 10:00,347,2853,3200
15.06.2021 10:05,365,2835,3200
15.06.2021 10:10,366,2834,3200
15.06.2021 10:15,375,2825,3200
15.06.2021 10:20,390,2810,3200
15.06.2021 10:25,398,2802,3200
15.06.2021 10:30,403,2797,3200
15.06.2021 10:35,404,2796,3200
15.06.2021 10:40,406,2794,3200
15.06.2021 10:45,411,2789,3200
15.06.2021 10:50,478,2722,3200
15.06.2021 10:55,479,2721,3200
15.06.2021 11:00,495,2705,3200
15.06.2021 11:05,500,2700,3200
15.06.2021 11:10,519,2681,3200
15.06.2021 11:15,530,2670,3200
15.06.2021 11:20,544,2656,3200
15.06.2021 11:25,541,2659,3200
15.06.2021 11:30,538,2662,3200
15.06.2021 11:35,534,2666,3200
15.06.2021 11:40,527,2673,3200
15.06.2021 11:45,524,2676,3200
15.06.2021 11:50,526,2674,3200
15.06.2021 11:55,509,2691,3200
15.06.2021 12:00,514,2686,3200
15.06.2021 12:05,527,2673,3200
15.06.2021 12:10,537,2663,3200
15.06.2021 12:15,582,2618,3200
15.06.2021 12:20,597,2603,3200
15.06.2021 12:25,638,2562,3200
15.06.2021 12:30,643,2557,3200
15.06.2021 12:35,660,2540,3200
15.06.2021 12:40,661,2539,3200
15.06.2021 12:45,673,2527,3200
15.06.2021 12:50,681,2519,3200
15.06.2021 12:55,700,2500,3200
15.06.2021 13:00,715,2485,3200
15.06.2021 13:05,721,2479,3200
15.06.2021 13:10,713,2487,3200
15.06.2021 13:15,750,2450,3200
15.06.2021 13:20,759,2441,3200
15.06.2021 13:25,798,2402,3200
15.06.2021 13:30,801,2399,3200
15.06.2021 13:35,816,2384,3200
15.06.2021 13:40,831,2369,3200
15.06.2021 13:45,860,2340,3200
15.06.2021 13:50,891,2309,3200
15.06.2021 13:55,903,2297,3200
15.06.2021 14:00,913,2287,3200
15.06.2021 14:05,940,2260,3200
15.06.2021 14:10,952,2248,3200
15.06.2021 14:15,963,2237,3200
15.06.2021 14:20,974,2226,3200
15.06.2021 14:25,995,2205,3200
15.06.2021 14:30,1009,2191,3200
15.06.2021 14:35,1024,2176,3200
15.06.2021 14:40,1036,2164,3200
15.06.2021 14:45,1053,2147,3200
15.06.2021 14:50,1093,2107,3200
15.06.2021 14:55,1109,2091,3200
15.06.2021 15:00,1102,2098,3200
15.06.2021 15:05,1103,2097,3200
15.06.2021 15:10,1109,2091,3200
15.06.2021 15:15,1140,2060,3200
15.06.2021 15:20,1156,2044,3200
15.06.2021 15:25,1158,2042,3200
15.06.2021 15:30,1177,2023,3200
15.06.2021 15:35,1161,2039,3200
15.06.2021 15:40,1165,2035,3200
15.06.2021 15:45,1167,2033,3200
15.06.2021 15:50,1158,2042,3200
15.06.2021 15:55,1149,2051,3200
15.06.2021 16:00,1163,2037,3200
15.06.2021 16:04,1151,2049,3200
15.06.2021 16:10,1165,2035,3200
15.06.2021 16:15,1197,2003,3200
15.06.2021 16:20,1210,1990,3200
15.06.2021 16:25,1222,1978,3200
15.06.2021 16:30,1220,1980,3200
15.06.2021 16:35,1211,1989,3200
15.06.2021 16:40,1199,2001,3200
15.06.2021 16:45,1192,2008,3200
15.06.2021 16:50,1199,2001,3200
15.06.2021 16:55,1190,2010,3200
15.06.2021 17:00,1178,2022,3200
15.06.2021 17:05,1162,2038,3200
15.06.2021 17:10,1147,2053,3200
15.06.2021 17:15,1134,2066,3200
15.06.2021 17:20,1116,2084,3200
15.06.2021 17:25,1105,2095,3200
15.06.2021 17:30,1110,2090,3200
15.06.2021 17:35,1093,2107,3200
15.06.2021 17:40,1094,2106,3200
15.06.2021 17:45,1071,2129,3200
15.06.2021 17:50,1055,2145,3200
15.06.2021 17:55,1052,2148,3200
15.06.2021 18:00,1040,2160,3200
15.06.2021 18:05,1014,2186,3200
15.06.2021 18:10,999,2201,3200
15.06.2021 18:15,980,2220,3200
15.06.2021 18:20,960,2240,3200
15.06.2021 18:25,936,2264,3200
15.06.2021 18:30,943,2257,3200
15.06.2021 18:35,929,2271,3200
15.06.2021 18:40,902,2298,3200
15.06.2021 18:45,893,2307,3200
15.06.2021 18:50,865,2335,3200
15.06.2021 18:55,843,2357,3200
15.06.2021 19:00,815,2385,3200
15.06.2021 19:05,817,2383,3200
15.06.2021 19:10,802,2398,3200
15.06.2021 19:15,784,2416,3200
15.06.2021 19:20,754,2446,3200
15.06.2021 19:25,715,2485,3200
15.06.2021 19:30,696,2504,3200
15.06.2021 19:35,662,2538,3200
15.06.2021 19:40,643,2557,3200
15.06.2021 19:45,614,2586,3200
15.06.2021 19:50,571,2629,3200
15.06.2021 19:55,520,2680,3200
15.06.2021 20:00,468,2732,3200
15.06.2021 20:05,442,2758,3200
15.06.2021 20:10,413,2787,3200
15.06.2021 20:15,399,2801,3200
15.06.2021 20:20,394,2806,3200
15.06.2021 20:25,385,2815,3200
15.06.2021 20:30,372,2828,3200
15.06.2021 20:35,372,2828,3200
15.06.2021 20:40,368,2832,3200
15.06.2021 20:45,368,2832,3200
15.06.2021 20:50,366,2834,3200
15.06.2021 20:55,362,2838,3200
15.06.2021 21:00,357,2843,3200
15.06.2021 21:05,353,2847,3200
15.06.2021 21:10,351,2849,3200
15.06.2021 21:15,350,2850,3200
15.06.2021 21:20,340,2860,3200
15.06.2021 21:25,340,2860,3200
15.06.2021 21:30,340,2860,3200
15.06.2021 21:35,340,2860,3200
15.06.2021 21:40,337,2863,3200
15.06.2021 21:45,337,2863,3200
15.06.2021 21:50,333,2867,3200
15.06.2021 21:55,333,2867,3200
15.06.2021 22:00,333,2867,3200
15.06.2021 22:05,333,2867,3200
15.06.2021 22:10,333,2867,3200
15.06.2021 22:15,332,2868,3200
15.06.2021 22:20,332,2868,3200
15.06.2021 22:25,332,2868,3200
15.06.2021 22:30,331,2869,3200
15.06.2021 22:35,331,2869,3200
15.06.2021 22:40,331,2869,3200
15.06.2021 22:45,331,2869,3200
15.06.2021 22:50,331,2869,3200
15.06.2021 22:55,331,2869,3200
15.06.2021 23:00,331,2869,3200
15.06.2021 23:05,331,2869,3200
15.06.2021 23:10,331,2869,3200
15.06.2021 23:15,331,2869,3200
15.06.2021 23:20,331,2869,3200
15.06.2021 23:25,331,2869,3200
15.06.2021 23:30,331,2869,3200
15.06.2021 23:35,331,2869,3200
15.06.2021 23:40,331,2869,3200
15.06.2021 23:45,331,2869,3200
15.06.2021 23:50,331,2869,3200
15.06.2021 23:55,331,2869,3200
16.06.2021 00:00,331,2869,3200
16.06.2021 00:05,0,3200,3200
16.06.2021 00:10,0,3200,3200
16.06.2021 00:15,0,3200,3200
16.06.2021 00:20,0,3200,3200
16.06.2021 00:25,0,3200,3200
16.06.2021 00:30,0,3200,3200
16.06.2021 00:35,0,3200,3200
16.06.2021 00:40,0,3200,3200
16.06.2021 00:45,0,3200,3200
16.06.2021 00:50,0,3200,3200
16.06.2021 00:55,0,3200,3200
16.06.2021 01:00,0,3200,3200
16.06.2021 01:05,0,3200,3200
16.06.2021 01:10,0,3200,3200
16.06.2021 01:15,0,3200,3200
16.06.2021 01:20,0,3200,3200
16.06.2021 01:25,0,3200,3200
16.06.2021 01:30,0,3200,3200
16.06.2021 01:35,0,3200,3200
16.06.2021 01:40,0,3200,3200
16.06.2021 01:45,0,3200,3200
16.06.2021 01:50,0,3200,3200
16.06.2021 01:55,0,3200,3200
16.06.2021 02:00,0,3200,3200
16.06.2021 02:05,0,3200,3200
16.06.2021 02:10,0,3200,3200
16.06.2021 02:15,0,3200,3200
16.06.2021 02:20,0,3200,3200
16.06.2021 02:25,0,3200,3200
16.06.2021 02:30,0,3200,3200
16.06.2021 02:35,0,3200,3200
16.06.2021 02:40,0,3200,3200
16.06.2021 02:45,0,3200,3200
16.06.2021 02:50,0,3200,3200
16.06.2021 02:55,0,3200,3200
16.06.2021 03:00,0,3200,3200
16.06.2021 03:05,0,3200,3200
16.06.2021 03:10,0,3200,3200
16.06.2021 03:15,0,3200,3200
16.06.2021 03:20,0,3200,3200
16.06.2021 03:25,0,3200,3200
16.06.2021 03:30,0,3200,3200
16.06.2021 03:35,0,3200,3200
16.06.2021 03:40,0,3200,3200
16.06.2021 03:45,0,3200,3200
16.06.2021 03:50,0,3200,3200
16.06.2021 03:55,0,3200,3200
16.06.2021 04:00,0,3200,3200
16.06.2021 04:04,0,3200,3200
16.06.2021 04:10,0,3200,3200
16.06.2021 04:15,0,3200,3200
16.06.2021 04:20,0,3200,3200
16.06.2021 04:25,0,3200,3200
16.06.2021 04:30,0,3200,3200
16.06.2021 04:35,0,3200,3200
16.06.2021 04:40,0,3200,3200
16.06.2021 04:45,0,3200,3200
16.06.2021 04:50,0,3200,3200
16.06.2021 04:55,0,3200,3200
16.06.2021 05:00,0,3200,3200
16.06.2021 05:05,0,3200,3200
16.06.2021 05:10,0,3200,3200
16.06.2021 05:15,0,3200,3200
16.06.2021 05:20,0,3200,3200
16.06.2021 05:25,0,3200,3200
16.06.2021 05:30,0,3200,3200
16.06.2021 05:35,0,3200,3200
16.06.2021 05:40,0,3200,3200
16.06.2021 05:45,0,3200,3200
16.06.2021 05:50,0,3200,3200
16.06.2021 05:55,0,3200,3200
16.06.2021 06:00,0,3200,3200
16.06.2021 06:05,0,3200,3200
16.06.2021 06:10,0,3200,3200
16.06.2021 06:15,0,3200,3200
16.06.2021 06:20,0,3200,3200
16.06.2021 06:25,0,3200,3200
16.06.2021 06:30,1,3199,3200
16.06.2021 06:35,1,3199,3200
16.06.2021 06:40,1,3199,3200
16.06.2021 06:45,1,3199,3200
16.06.2021 06:50,1,3199,3200
16.06.2021 06:55,1,3199,3200
16.06.2021 07:00,1,3199,3200
16.06.2021 07:05,36,3164,3200
16.06.2021 07:10,49,3151,3200
16.06.2021 07:15,63,3137,3200
16.06.2021 07:20,68,3132,3200
16.06.2021 07:25,69,3131,3200
16.06.2021 07:30,73,3127,3200
16.06.2021 07:35,76,3124,3200
16.06.2021 07:40,82,3118,3200
16.06.2021 07:45,83,3117,3200
16.06.2021 07:50,90,3110,3200
16.06.2021 07:55,94,3106,3200
16.06.2021 08:00,86,3114,3200
16.06.2021 08:05,89,3111,3200
16.06.2021 08:10,91,3109,3200
16.06.2021 08:15,97,3103,3200
16.06.2021 08:20,115,3085,3200
16.06.2021 08:25,140,3060,3200
16.06.2021 08:30,141,3059,3200
16.06.2021 08:35,147,3053,3200
16.06.2021 08:40,157,3043,3200
16.06.2021 08:45,173,3027,3200
16.06.2021 08:50,189,3011,3200
16.06.2021 08:55,194,3006,3200
16.06.2021 09:00,203,2997,3200
16.06.2021 09:05,209,2991,3200
16.06.2021 09:10,220,2980,3200
16.06.2021 09:15,239,2961,3200
16.06.2021 09:20,244,2956,3200
16.06.2021 09:25,276,2924,3200
16.06.2021 09:30,284,2916,3200
16.06.2021 09:35,299,2901,3200
16.06.2021 09:40,303,2897,3200
16.06.2021 09:45,309,2891,3200
16.06.2021 09:50,300,2900,3200
16.06.2021 09:55,308,2892,3200
16.06.2021 10:00,313,2887,3200
16.06.2021 10:05,331,2869,3200
16.06.2021 10:10,336,2864,3200
16.06.2021 10:15,339,2861,3200
16.06.2021 10:20,352,2848,3200
16.06.2021 10:25,387,2813,3200
16.06.2021 10:30,396,2804,3200
16.06.2021 10:35,406,2794,3200
16.06.2021 10:40,423,2777,3200
16.06.2021 10:45,437,2763,3200
16.06.2021 10:50,437,2763,3200
16.06.2021 10:55,443,2757,3200
16.06.2021 11:00,440,2760,3200
16.06.2021 11:05,438,2762,3200
16.06.2021 11:10,433,2767,3200
16.06.2021 11:15,450,2750,3200
16.06.2021 11:20,451,2749,3200
16.06.2021 11:25,456,2744,3200
16.06.2021 11:30,481,2719,3200
16.06.2021 11:35,488,2712,3200
16.06.2021 11:40,497,2703,3200
16.06.2021 11:45,498,2702,3200
16.06.2021 11:50,495,2705,3200
16.06.2021 11:55,496,2704,3200
16.06.2021 12:00,496,2704,3200
16.06.2021 12:05,493,2707,3200
16.06.2021 12:10,504,2696,3200
16.06.2021 12:15,545,2655,3200
16.06.2021 12:20,568,2632,3200
16.06.2021 12:25,624,2576,3200
16.06.2021 12:30,657,2543,3200
16.06.2021 12:35,701,2499,3200
16.06.2021 12:40,744,2456,3200
16.06.2021 12:45,787,2413,3200
16.06.2021 12:50,800,2400,3200
16.06.2021 12:55,817,2383,3200
16.06.2021 13:00,851,2349,3200
16.06.2021 13:05,882,2318,3200
16.06.2021 13:10,908,2292,3200
16.06.2021 13:15,925,2275,3200
16.06.2021 13:20,969,2231,3200
16.06.2021 13:25,977,2223,3200
16.06.2021 13:30,1016,2184,3200
16.06.2021 13:35,1069,2131,3200
16.06.2021 13:40,1111,2089,3200
16.06.2021 13:45,1163,2037,3200
16.06.2021 13:50,1193,2007,3200
16.06.2021 13:55,1226,1974,3200
16.06.2021 14:00,1279,1921,3200
16.06.2021 14:05,1333,1867,3200
16.06.2021 14:10,1365,1835,3200
16.06.2021 14:15,1446,1754,3200
16.06.2021 14:20,1510,1690,3200
16.06.2021 14:25,1593,1607,3200
16.06.2021 14:30,1664,1536,3200
16.06.2021 14:35,1735,1465,3200
16.06.2021 14:40,1785,1415,3200
16.06.2021 14:45,1837,1363,3200
16.06.2021 14:50,1898,1302,3200
16.06.2021 14:55,1942,1258,3200
16.06.2021 15:00,1988,1212,3200
16.06.2021 15:05,2029,1171,3200
16.06.2021 15:10,2062,1138,3200
16.06.2021 15:15,2088,1112,3200
16.06.2021 15:20,2123,1077,3200
16.06.2021 15:25,2145,1055,3200
16.06.2021 15:30,2158,1042,3200
16.06.2021 15:35,2190,1010,3200
16.06.2021 15:40,2199,1001,3200
16.06.2021 15:45,2198,1002,3200
16.06.2021 15:50,2208,992,3200
16.06.2021 15:55,2221,979,3200
16.06.2021 16:00,2209,991,3200
16.06.2021 16:04,2218,982,3200
16.06.2021 16:10,2206,994,3200
16.06.2021 16:15,2203,997,3200
16.06.2021 16:20,2188,1012,3200
16.06.2021 16:25,2172,1028,3200
16.06.2021 16:30,2167,1033,3200
16.06.2021 16:35,2155,1045,3200
16.06.2021 16:40,2133,1067,3200
16.06.2021 16:45,2111,1089,3200
16.06.2021 16:50,2100,1100,3200
16.06.2021 16:55,2081,1119,3200
16.06.2021 17:00,2065,1135,3200
16.06.2021 17:05,2050,1150,3200
16.06.2021 17:10,2028,1172,3200
16.06.2021 17:15,2005,1195,3200
16.06.2021 17:20,1971,1229,3200
16.06.2021 17:25,1922,1278,3200
16.06.2021 17:30,1862,1338,3200
16.06.2021 17:35,1812,1388,3200
16.06.2021 17:40,1783,1417,3200
16.06.2021 17:45,1748,1452,3200
16.06.2021 17:50,1707,1493,3200
16.06.2021 17:55,1668,1532,3200
16.06.2021 18:00,1654,1546,3200
16.06.2021 18:05,1619,1581,3200
16.06.2021 18:10,1613,1587,3200
16.06.2021 18:15,1591,1609,3200
16.06.2021 18:20,1574,1626,3200
16.06.2021 18:25,1564,1636,3200
16.06.2021 18:30,1528,1672,3200
16.06.2021 18:35,1508,1692,3200
16.06.2021 18:40,1498,1702,3200
16.06.2021 18:45,1485,1715,3200
16.06.2021 18:50,1467,1733,3200
16.06.2021 18:55,1454,1746,3200
16.06.2021 19:00,1424,1776,3200
16.06.2021 19:05,1413,1787,3200
16.06.2021 19:10,1398,1802,3200
16.06.2021 19:15,1374,1826,3200
16.06.2021 19:20,1337,1863,3200
16.06.2021 19:25,1313,1887,3200
16.06.2021 19:30,1286,1914,3200
16.06.2021 19:35,1254,1946,3200
16.06.2021 19:40,1210,1990,3200
16.06.2021 19:45,1152,2048,3200
16.06.2021 19:50,1102,2098,3200
16.06.2021 19:55,1025,2175,3200
16.06.2021 20:00,963,2237,3200
16.06.2021 20:05,900,2300,3200
16.06.2021 20:10,877,2323,3200
16.06.2021 20:15,862,2338,3200
16.06.2021 20:20,853,2347,3200
16.06.2021 20:25,851,2349,3200
16.06.2021 20:30,842,2358,3200
16.06.2021 20:35,838,2362,3200
16.06.2021 20:40,838,2362,3200
16.06.2021 20:45,832,2368,3200
16.06.2021 20:50,825,2375,3200
16.06.2021 20:55,824,2376,3200
16.06.2021 21:00,822,2378,3200
16.06.2021 21:05,822,2378,3200
16.06.2021 21:10,820,2380,3200
16.06.2021 21:15,817,2383,3200
16.06.2021 21:20,816,2384,3200
16.06.2021 21:25,814,2386,3200
16.06.2021 21:30,811,2389,3200
16.06.2021 21:35,811,2389,3200
16.06.2021 21:40,805,2395,3200
16.06.2021 21:45,800,2400,3200
16.06.2021 21:50,800,2400,3200
16.06.2021 21:55,800,2400,3200
16.06.2021 22:00,798,2402,3200
16.06.2021 22:05,798,2402,3200
16.06.2021 22:10,797,2403,3200
16.06.2021 22:15,797,2403,3200
16.06.2021 22:20,797,2403,3200
16.06.2021 22:25,796,2404,3200
16.06.2021 22:30,796,2404,3200
16.06.2021 22:35,796,2404,3200
16.06.2021 22:40,796,2404,3200
16.06.2021 22:45,796,2404,3200
16.06.2021 22:50,794,2406,3200
16.06.2021 22:55,794,2406,3200
16.06.2021 23:00,794,2406,3200
16.06.2021 23:05,794,2406,3200
16.06.2021 23:10,794,2406,3200
16.06.2021 23:15,794,2406,3200
16.06.2021 23:20,794,2406,3200
16.06.2021 23:25,794,2406,3200
16.06.2021 23:30,794,2406,3200
16.06.2021 23:35,794,2406,3200
16.06.2021 23:40,794,2406,3200
16.06.2021 23:45,794,2406,3200
16.06.2021 23:50,794,2406,3200
16.06.2021 23:55,794,2406,3200
17.06.2021 00:00,792,2408,3200
17.06.2021 00:05,0,3200,3200
17.06.2021 00:10,0,3200,3200
17.06.2021 00:15,0,3200,3200
17.06.2021 00:20,0,3200,3200
17.06.2021 00:25,0,3200,3200
17.06.2021 00:30,0,3200,3200
17.06.2021 00:35,0,3200,3200
17.06.2021 00:40,0,3200,3200
17.06.2021 00:45,0,3200,3200
17.06.2021 00:50,0,3200,3200
17.06.2021 00:55,0,3200,3200
17.06.2021 01:00,0,3200,3200
17.06.2021 01:05,0,3200,3200
17.06.2021 01:10,0,3200,3200
17.06.2021 01:15,0,3200,3200
17.06.2021 01:20,0,3200,3200
17.06.2021 01:25,0,3200,3200
17.06.2021 01:30,0,3200,3200
17.06.2021 01:35,0,3200,3200
17.06.2021 01:40,0,3200,3200
17.06.2021 01:45,0,3200,3200
17.06.2021 01:50,0,3200,3200
17.06.2021 01:55,0,3200,3200
17.06.2021 02:00,0,3200,3200
17.06.2021 02:05,0,3200,3200
17.06.2021 02:10,0,3200,3200
17.06.2021 02:15,0,3200,3200
17.06.2021 02:20,0,3200,3200
17.06.2021 02:25,0,3200,3200
17.06.2021 02:30,0,3200,3200
17.06.2021 02:35,0,3200,3200
17.06.2021 02:40,0,3200,3200
17.06.2021 02:45,0,3200,3200
17.06.2021 02:50,0,3200,3200
17.06.2021 02:55,0,3200,3200
17.06.2021 03:00,0,3200,3200
17.06.2021 03:05,0,3200,3200
17.06.2021 03:10,0,3200,3200
17.06.2021 03:15,0,3200,3200
17.06.2021 03:20,0,3200,3200
17.06.2021 03:25,0,3200,3200
17.06.2021 03:30,0,3200,3200
17.06.2021 03:35,0,3200,3200
17.06.2021 03:40,0,3200,3200
17.06.2021 03:45,0,3200,3200
17.06.2021 03:50,0,3200,3200
17.06.2021 03:55,0,3200,3200
17.06.2021 04:00,0,3200,3200
17.06.2021 04:04,0,3200,3200
17.06.2021 04:10,0,3200,3200
17.06.2021 04:15,0,3200,3200
17.06.2021 04:20,0,3200,3200
17.06.2021 04:25,0,3200,3200
17.06.2021 04:30,0,3200,3200
17.06.2021 04:35,0,3200,3200
17.06.2021 04:40,0,3200,3200
17.06.2021 04:45,0,3200,3200
17.06.2021 04:50,0,3200,3200
17.06.2021 04:55,0,3200,3200
17.06.2021 05:00,0,3200,3200
17.06.2021 05:05,0,3200,3200
17.06.2021 05:10,0,3200,3200
17.06.2021 05:15,0,3200,3200
17.06.2021 05:20,0,3200,3200
17.06.2021 05:25,0,3200,3200
17.06.2021 05:30,0,3200,3200
17.06.2021 05:35,0,3200,3200
17.06.2021 05:40,0,3200,3200
17.06.2021 05:45,0,3200,3200
17.06.2021 05:50,0,3200,3200
17.06.2021 05:55,0,3200,3200
17.06.2021 06:00,0,3200,3200
17.06.2021 06:05,0,3200,3200
17.06.2021 06:10,0,3200,3200
17.06.2021 06:15,0,3200,3200
17.06.2021 06:20,0,3200,3200
17.06.2021 06:25,0,3200,3200
17.06.2021 06:30,0,3200,3200
17.06.2021 06:35,0,3200,3200
17.06.2021 06:40,0,3200,3200
17.06.2021 06:45,0,3200,3200
17.06.2021 06:50,0,3200,3200
17.06.2021 06:55,0,3200,3200
17.06.2021 07:00,0,3200,3200
17.06.2021 07:05,23,3177,3200
17.06.2021 07:10,30,3170,3200
17.06.2021 07:15,35,3165,3200
17.06.2021 07:20,41,3159,3200
17.06.2021 07:25,49,3151,3200
17.06.2021 07:30,51,3149,3200
17.06.2021 07:35,57,3143,3200
17.06.2021 07:40,65,3135,3200
17.06.2021 07:45,89,3111,3200
17.06.2021 07:50,91,3109,3200
17.06.2021 07:55,98,3102,3200
17.06.2021 08:00,95,3105,3200
17.06.2021 08:05,97,3103,3200
17.06.2021 08:10,95,3105,3200
17.06.2021 08:15,95,3105,3200
17.06.2021 08:20,94,3106,3200
17.06.2021 08:25,100,3100,3200
17.06.2021 08:30,105,3095,3200
17.06.2021 08:35,105,3095,3200
17.06.2021 08:40,120,3080,3200
17.06.2021 08:45,132,3068,3200
17.06.2021 08:50,139,3061,3200
17.06.2021 08:55,180,3020,3200
17.06.2021 09:00,185,3015,3200
17.06.2021 09:05,190,3010,3200
17.06.2021 09:10,205,2995,3200
17.06.2021 09:15,218,2982,3200
17.06.2021 09:20,271,2929,3200
17.06.2021 09:25,262,2938,3200
17.06.2021 09:30,274,2926,3200
17.06.2021 09:35,273,2927,3200
17.06.2021 09:40,282,2918,3200
17.06.2021 09:45,291,2909,3200
17.06.2021 09:50,295,2905,3200
17.06.2021 09:55,307,2893,3200
17.06.2021 10:00,313,2887,3200
17.06.2021 10:05,314,2886,3200
17.06.2021 10:10,312,2888,3200
17.06.2021 10:15,346,2854,3200
17.06.2021 10:20,361,2839,3200
17.06.2021 10:25,368,2832,3200
17.06.2021 10:30,391,2809,3200
17.06.2021 10:35,402,2798,3200
17.06.2021 10:40,407,2793,3200
17.06.2021 10:45,412,2788,3200
17.06.2021 10:50,409,2791,3200
17.06.2021 10:55,403,2797,3200
17.06.2021 11:00,415,2785,3200
17.06.2021 11:05,441,2759,3200
17.06.2021 11:10,442,2758,3200
17.06.2021 11:15,450,2750,3200
17.06.2021 11:20,441,2759,3200
17.06.2021 11:25,493,2707,3200
17.06.2021 11:30,493,2707,3200
17.06.2021 11:35,529,2671,3200
17.06.2021 11:40,535,2665,3200
17.06.2021 11:45,510,2690,3200
17.06.2021 11:50,513,2687,3200
17.06.2021 11:55,516,2684,3200
17.06.2021 12:00,511,2689,3200
17.06.2021 12:05,524,2676,3200
17.06.2021 12:10,536,2664,3200
17.06.2021 12:15,545,2655,3200
17.06.2021 12:20,549,2651,3200
17.06.2021 12:25,555,2645,3200
17.06.2021 12:30,561,2639,3200
17.06.2021 12:35,570,2630,3200
17.06.2021 12:40,589,2611,3200
17.06.2021 12:45,601,2599,3200
17.06.2021 12:50,627,2573,3200
17.06.2021 12:55,665,2535,3200
17.06.2021 13:00,677,2523,3200
17.06.2021 13:05,668,2532,3200
17.06.2021 13:10,655,2545,3200
17.06.2021 13:15,666,2534,3200
17.06.2021 13:20,678,2522,3200
17.06.2021 13:25,672,2528,3200
17.06.2021 13:30,675,2525,3200
17.06.2021 13:35,683,2517,3200
17.06.2021 13:40,688,2512,3200
17.06.2021 13:45,714,2486,3200
17.06.2021 13:50,720,2480,3200
17.06.2021 13:55,728,2472,3200
17.06.2021 14:00,738,2462,3200
17.06.2021 14:05,788,2412,3200
17.06.2021 14:10,815,2385,3200
17.06.2021 14:15,850,2350,3200
17.06.2021 14:20,884,2316,3200
17.06.2021 14:25,913,2287,3200
17.06.2021 14:30,921,2279,3200
17.06.2021 14:35,931,2269,3200
17.06.2021 14:40,925,2275,3200
17.06.2021 14:45,936,2264,3200
17.06.2021 14:50,943,2257,3200
17.06.2021 14:55,942,2258,3200
17.06.2021 15:00,933,2267,3200
17.06.2021 15:05,939,2261,3200
17.06.2021 15:10,933,2267,3200
17.06.2021 15:15,920,2280,3200
17.06.2021 15:20,912,2288,3200
17.06.2021 15:25,919,2281,3200
17.06.2021 15:30,921,2279,3200
17.06.2021 15:35,917,2283,3200
17.06.2021 15:40,938,2262,3200
17.06.2021 15:45,943,2257,3200
17.06.2021 15:50,937,2263,3200
17.06.2021 15:55,951,2249,3200
17.06.2021 16:00,971,2229,3200
17.06.2021 16:04,961,2239,3200
17.06.2021 16:10,969,2231,3200
17.06.2021 16:15,974,2226,3200
17.06.2021 16:20,983,2217,3200
17.06.2021 16:25,969,2231,3200
17.06.2021 16:30,966,2234,3200
17.06.2021 16:35,960,2240,3200
17.06.2021 16:40,972,2228,3200
17.06.2021 16:45,1017,2183,3200
17.06.2021 16:50,1004,2196,3200
17.06.2021 16:55,1007,2193,3200
17.06.2021 17:00,996,2204,3200
17.06.2021 17:05,1003,2197,3200
17.06.2021 17:10,1006,2194,3200
17.06.2021 17:15,1003,2197,3200
17.06.2021 17:20,1013,2187,3200
17.06.2021 17:25,990,2210,3200
17.06.2021 17:30,995,2205,3200
17.06.2021 17:35,967,2233,3200
17.06.2021 17:40,927,2273,3200
17.06.2021 17:45,914,2286,3200
17.06.2021 17:50,888,2312,3200
17.06.2021 17:55,879,2321,3200
17.06.2021 18:00,888,2312,3200
17.06.2021 18:05,882,2318,3200
17.06.2021 18:10,852,2348,3200
17.06.2021 18:15,852,2348,3200
17.06.2021 18:20,847,2353,3200
17.06.2021 18:25,853,2347,3200
17.06.2021 18:30,844,2356,3200
17.06.2021 18:35,844,2356,3200
17.06.2021 18:40,835,2365,3200
17.06.2021 18:45,834,2366,3200
17.06.2021 18:50,835,2365,3200
17.06.2021 18:55,830,2370,3200
17.06.2021 19:00,818,2382,3200
17.06.2021 19:05,803,2397,3200
17.06.2021 19:10,783,2417,3200
17.06.2021 19:15,761,2439,3200
17.06.2021 19:20,753,2447,3200
17.06.2021 19:25,722,2478,3200
17.06.2021 19:30,697,2503,3200
17.06.2021 19:35,675,2525,3200
17.06.2021 19:40,653,2547,3200
17.06.2021 19:45,626,2574,3200
17.06.2021 19:50,597,2603,3200
17.06.2021 19:55,563,2637,3200
17.06.2021 20:00,537,2663,3200
17.06.2021 20:05,480,2720,3200
17.06.2021 20:10,453,2747,3200
17.06.2021 20:15,433,2767,3200
17.06.2021 20:20,418,2782,3200
17.06.2021 20:25,414,2786,3200
17.06.2021 20:30,408,2792,3200
17.06.2021 20:35,408,2792,3200
17.06.2021 20:40,405,2795,3200
17.06.2021 20:45,402,2798,3200
17.06.2021 20:50,398,2802,3200
17.06.2021 20:55,395,2805,3200
17.06.2021 21:00,395,2805,3200
17.06.2021 21:05,395,2805,3200
17.06.2021 21:10,393,2807,3200
17.06.2021 21:15,391,2809,3200
17.06.2021 21:20,387,2813,3200
17.06.2021 21:25,387,2813,3200
17.06.2021 21:30,207,2993,3200
17.06.2021 21:35,0,3200,3200
17.06.2021 21:40,0,3200,3200
17.06.2021 21:45,0,3200,3200
17.06.2021 21:50,0,3200,3200
17.06.2021 21:55,0,3200,3200
17.06.2021 22:00,0,3200,3200
17.06.2021 22:05,0,3200,3200
17.06.2021 22:10,0,3200,3200
17.06.2021 22:15,0,3200,3200
17.06.2021 22:20,0,3200,3200
17.06.2021 22:25,0,3200,3200
17.06.2021 22:30,0,3200,3200
17.06.2021 22:35,0,3200,3200
17.06.2021 22:40,0,3200,3200
17.06.2021 22:45,0,3200,3200
17.06.2021 22:50,0,3200,3200
17.06.2021 22:55,0,3200,3200
17.06.2021 23:00,0,3200,3200
17.06.2021 23:05,0,3200,3200
17.06.2021 23:10,0,3200,3200
17.06.2021 23:15,0,3200,3200
17.06.2021 23:20,0,3200,3200
17.06.2021 23:25,0,3200,3200
17.06.2021 23:30,0,3200,3200
17.06.2021 23:35,0,3200,3200
17.06.2021 23:40,0,3200,3200
17.06.2021 23:45,0,3200,3200
17.06.2021 23:50,0,3200,3200
17.06.2021 23:55,0,3200,3200
18.06.2021 00:00,0,3200,3200
18.06.2021 00:05,0,3200,3200
18.06.2021 00:10,0,3200,3200
18.06.2021 00:15,0,3200,3200
18.06.2021 00:20,0,3200,3200
18.06.2021 00:25,0,3200,3200
18.06.2021 00:30,0,3200,3200
18.06.2021 00:35,0,3200,3200
18.06.2021 00:40,0,3200,3200
18.06.2021 00:45,0,3200,3200
18.06.2021 00:50,0,3200,3200
18.06.2021 00:55,0,3200,3200
18.06.2021 01:00,0,3200,3200
18.06.2021 01:05,0,3200,3200
18.06.2021 01:10,0,3200,3200
18.06.2021 01:15,0,3200,3200
18.06.2021 01:20,0,3200,3200
18.06.2021 01:25,0,3200,3200
18.06.2021 01:30,0,3200,3200
18.06.2021 01:35,0,3200,3200
18.06.2021 01:40,0,3200,3200
18.06.2021 01:45,0,3200,3200
18.06.2021 01:50,0,3200,3200
18.06.2021 01:55,0,3200,3200
18.06.2021 02:00,0,3200,3200
18.06.2021 02:05,0,3200,3200
18.06.2021 02:10,0,3200,3200
18.06.2021 02:15,0,3200,3200
18.06.2021 02:20,0,3200,3200
18.06.2021 02:25,0,3200,3200
18.06.2021 02:30,0,3200,3200
18.06.2021 02:35,0,3200,3200
18.06.2021 02:40,0,3200,3200
18.06.2021 02:45,0,3200,3200
18.06.2021 02:50,0,3200,3200
18.06.2021 02:55,0,3200,3200
18.06.2021 03:00,0,3200,3200
18.06.2021 03:05,0,3200,3200
18.06.2021 03:10,0,3200,3200
18.06.2021 03:15,0,3200,3200
18.06.2021 03:20,0,3200,3200
18.06.2021 03:25,0,3200,3200
18.06.2021 03:30,0,3200,3200
18.06.2021 03:35,0,3200,3200
18.06.2021 03:40,0,3200,3200
18.06.2021 03:45,0,3200,3200
18.06.2021 03:50,0,3200,3200
18.06.2021 03:55,0,3200,3200
18.06.2021 04:00,0,3200,3200
18.06.2021 04:04,0,3200,3200
18.06.2021 04:10,0,3200,3200
18.06.2021 04:15,0,3200,3200
18.06.2021 04:20,0,3200,3200
18.06.2021 04:25,0,3200,3200
18.06.2021 04:30,0,3200,3200
18.06.2021 04:35,0,3200,3200
18.06.2021 04:40,0,3200,3200
18.06.2021 04:45,0,3200,3200
18.06.2021 04:50,0,3200,3200
18.06.2021 04:55,0,3200,3200
18.06.2021 05:00,0,3200,3200
18.06.2021 05:05,0,3200,3200
18.06.2021 05:10,0,3200,3200
18.06.2021 05:15,0,3200,3200
18.06.2021 05:20,0,3200,3200
18.06.2021 05:25,0,3200,3200
18.06.2021 05:30,0,3200,3200
18.06.2021 05:35,0,3200,3200
18.06.2021 05:40,0,3200,3200
18.06.2021 05:45,0,3200,3200
18.06.2021 05:50,0,3200,3200
18.06.2021 05:55,0,3200,3200
18.06.2021 06:00,0,3200,3200
18.06.2021 06:05,0,3200,3200
18.06.2021 06:10,0,3200,3200
18.06.2021 06:15,0,3200,3200
18.06.2021 06:20,0,3200,3200
18.06.2021 06:25,0,3200,3200
18.06.2021 06:30,0,3200,3200
18.06.2021 06:35,0,3200,3200
18.06.2021 06:40,0,3200,3200
18.06.2021 06:45,0,3200,3200
18.06.2021 06:50,0,3200,3200
18.06.2021 06:55,0,3200,3200
18.06.2021 07:00,0,3200,3200
18.06.2021 07:05,33,3167,3200
18.06.2021 07:10,42,3158,3200
18.06.2021 07:15,45,3155,3200
18.06.2021 07:20,59,3141,3200
18.06.2021 07:25,73,3127,3200
18.06.2021 07:30,74,3126,3200
18.06.2021 07:35,89,3111,3200
18.06.2021 07:40,110,3090,3200
18.06.2021 07:45,113,3087,3200
18.06.2021 07:50,117,3083,3200
18.06.2021 07:55,155,3045,3200
18.06.2021 08:00,162,3038,3200
18.06.2021 08:05,171,3029,3200
18.06.2021 08:10,178,3022,3200
18.06.2021 08:15,175,3025,3200
18.06.2021 08:20,172,3028,3200
18.06.2021 08:25,195,3005,3200
18.06.2021 08:30,204,2996,3200
18.06.2021 08:35,209,2991,3200
18.06.2021 08:40,219,2981,3200
18.06.2021 08:45,235,2965,3200
18.06.2021 08:50,242,2958,3200
18.06.2021 08:55,271,2929,3200
18.06.2021 09:00,285,2915,3200
18.06.2021 09:05,307,2893,3200
18.06.2021 09:10,312,2888,3200
18.06.2021 09:15,303,2897,3200
18.06.2021 09:20,292,2908,3200
18.06.2021 09:25,296,2904,3200
18.06.2021 09:30,313,2887,3200
18.06.2021 09:35,338,2862,3200
18.06.2021 09:40,345,2855,3200
18.06.2021 09:45,368,2832,3200
18.06.2021 09:50,375,2825,3200
18.06.2021 09:55,404,2796,3200
18.06.2021 10:00,415,2785,3200
18.06.2021 10:05,427,2773,3200
18.06.2021 10:10,470,2730,3200
18.06.2021 10:15,471,2729,3200
18.06.2021 10:20,493,2707,3200
18.06.2021 10:25,495,2705,3200
18.06.2021 10:30,528,2672,3200
18.06.2021 10:35,536,2664,3200
18.06.2021 10:40,524,2676,3200
18.06.2021 10:45,532,2668,3200
18.06.2021 10:50,534,2666,3200
18.06.2021 10:55,534,2666,3200
18.06.2021 11:00,542,2658,3200
18.06.2021 11:05,548,2652,3200
18.06.2021 11:10,553,2647,3200
18.06.2021 11:15,564,2636,3200
18.06.2021 11:20,590,2610,3200
18.06.2021 11:25,586,2614,3200
18.06.2021 11:30,586,2614,3200
18.06.2021 11:35,572,2628,3200
18.06.2021 11:40,565,2635,3200
18.06.2021 11:45,564,2636,3200
18.06.2021 11:50,563,2637,3200
18.06.2021 11:55,572,2628,3200
18.06.2021 12:00,597,2603,3200
18.06.2021 12:05,586,2614,3200
18.06.2021 12:10,607,2593,3200
18.06.2021 12:15,622,2578,3200
18.06.2021 12:20,640,2560,3200
18.06.2021 12:25,635,2565,3200
18.06.2021 12:30,658,2542,3200
18.06.2021 12:35,654,2546,3200
18.06.2021 12:40,660,2540,3200
18.06.2021 12:45,651,2549,3200
18.06.2021 12:50,694,2506,3200
18.06.2021 12:55,700,2500,3200
18.06.2021 13:00,702,2498,3200
18.06.2021 13:05,704,2496,3200
18.06.2021 13:10,740,2460,3200
18.06.2021 13:15,768,2432,3200
18.06.2021 13:20,786,2414,3200
18.06.2021 13:25,810,2390,3200
18.06.2021 13:30,829,2371,3200
18.06.2021 13:35,887,2313,3200
18.06.2021 13:40,913,2287,3200
18.06.2021 13:45,945,2255,3200
18.06.2021 13:50,967,2233,3200
18.06.2021 13:55,984,2216,3200
18.06.2021 14:00,1018,2182,3200
18.06.2021 14:05,1077,2123,3200
18.06.2021 14:10,1087,2113,3200
18.06.2021 14:15,1126,2074,3200
18.06.2021 14:20,1155,2045,3200
18.06.2021 14:25,1202,1998,3200
18.06.2021 14:30,1208,1992,3200
18.06.2021 14:35,1232,1968,3200
18.06.2021 14:40,1254,1946,3200
18.06.2021 14:45,1256,1944,3200
18.06.2021 14:50,1271,1929,3200
18.06.2021 14:55,1292,1908,3200
18.06.2021 15:00,1298,1902,3200
18.06.2021 15:05,1311,1889,3200
18.06.2021 15:10,1338,1862,3200
18.06.2021 15:15,1334,1866,3200
18.06.2021 15:20,1359,1841,3200
18.06.2021 15:25,1373,1827,3200
18.06.2021 15:30,1359,1841,3200
18.06.2021 15:35,1377,1823,3200
18.06.2021 15:40,1380,1820,3200
18.06.2021 15:45,1379,1821,3200
18.06.2021 15:50,1377,1823,3200
18.06.2021 15:55,1377,1823,3200
18.06.2021 16:00,1384,1816,3200
18.06.2021 16:04,1386,1814,3200
18.06.2021 16:10,1368,1832,3200
18.06.2021 16:15,1339,1861,3200
18.06.2021 16:20,1307,1893,3200
18.06.2021 16:25,1280,1920,3200
18.06.2021 16:30,1233,1967,3200
18.06.2021 16:35,1201,1999,3200
18.06.2021 16:40,1144,2056,3200
18.06.2021 16:45,1111,2089,3200
18.06.2021 16:50,1101,2099,3200
18.06.2021 16:55,1066,2134,3200
18.06.2021 17:00,1044,2156,3200
18.06.2021 17:05,1056,2144,3200
18.06.2021 17:10,1024,2176,3200
18.06.2021 17:15,1013,2187,3200
18.06.2021 17:20,998,2202,3200
18.06.2021 17:25,976,2224,3200
18.06.2021 17:30,957,2243,3200
18.06.2021 17:35,919,2281,3200
18.06.2021 17:40,870,2330,3200
18.06.2021 17:45,824,2376,3200
18.06.2021 17:50,805,2395,3200
18.06.2021 17:55,776,2424,3200
18.06.2021 18:00,753,2447,3200
18.06.2021 18:05,716,2484,3200
18.06.2021 18:10,626,2574,3200
18.06.2021 18:15,572,2628,3200
18.06.2021 18:20,552,2648,3200
18.06.2021 18:25,538,2662,3200
18.06.2021 18:30,532,2668,3200
18.06.2021 18:35,514,2686,3200
18.06.2021 18:40,505,2695,3200
18.06.2021 18:45,498,2702,3200
18.06.2021 18:50,494,2706,3200
18.06.2021 18:55,477,2723,3200
18.06.2021 19:00,473,2727,3200
18.06.2021 19:05,468,2732,3200
18.06.2021 19:10,467,2733,3200
18.06.2021 19:15,477,2723,3200
18.06.2021 19:20,0,3200,3200
18.06.2021 19:25,467,2733,3200
18.06.2021 19:30,463,2737,3200
18.06.2021 19:35,463,2737,3200
18.06.2021 19:40,462,2738,3200
18.06.2021 19:45,460,2740,3200
18.06.2021 19:50,458,2742,3200
18.06.2021 19:55,453,2747,3200
18.06.2021 20:00,454,2746,3200
18.06.2021 20:05,454,2746,3200
18.06.2021 20:10,450,2750,3200
18.06.2021 20:15,450,2750,3200
18.06.2021 20:20,448,2752,3200
18.06.2021 20:25,448,2752,3200
18.06.2021 20:30,448,2752,3200
18.06.2021 20:35,447,2753,3200
18.06.2021 20:40,447,2753,3200
18.06.2021 20:45,446,2754,3200
18.06.2021 20:50,446,2754,3200
18.06.2021 20:55,444,2756,3200
18.06.2021 21:00,441,2759,3200
18.06.2021 21:05,440,2760,3200
18.06.2021 21:10,439,2761,3200
18.06.2021 21:15,439,2761,3200
18.06.2021 21:20,439,2761,3200
18.06.2021 21:25,438,2762,3200
18.06.2021 21:30,438,2762,3200
18.06.2021 21:35,434,2766,3200
18.06.2021 21:40,434,2766,3200
18.06.2021 21:45,434,2766,3200
18.06.2021 21:50,432,2768,3200
18.06.2021 21:55,427,2773,3200
18.06.2021 22:00,427,2773,3200
18.06.2021 22:05,427,2773,3200
18.06.2021 22:10,427,2773,3200
18.06.2021 22:15,426,2774,3200
18.06.2021 22:20,426,2774,3200
18.06.2021 22:25,425,2775,3200
18.06.2021 22:30,425,2775,3200
18.06.2021 22:35,425,2775,3200
18.06.2021 22:40,425,2775,3200
18.06.2021 22:45,425,2775,3200
18.06.2021 22:50,425,2775,3200
18.06.2021 22:55,425,2775,3200
18.06.2021 23:00,425,2775,3200
18.06.2021 23:05,425,2775,3200
18.06.2021 23:10,425,2775,3200
18.06.2021 23:15,425,2775,3200
18.06.2021 23:20,425,2775,3200
18.06.2021 23:25,425,2775,3200
18.06.2021 23:30,425,2775,3200
18.06.2021 23:35,425,2775,3200
18.06.2021 23:40,425,2775,3200
18.06.2021 23:45,425,2775,3200
18.06.2021 23:50,425,2775,3200
18.06.2021 23:55,424,2776,3200
19.06.2021 00:00,424,2776,3200
19.06.2021 00:05,0,3200,3200
19.06.2021 00:10,0,3200,3200
19.06.2021 00:15,0,3200,3200
19.06.2021 00:20,0,3200,3200
19.06.2021 00:25,0,3200,3200
19.06.2021 00:30,0,3200,3200
19.06.2021 00:35,0,3200,3200
19.06.2021 00:40,0,3200,3200
19.06.2021 00:45,0,3200,3200
19.06.2021 00:50,0,3200,3200
19.06.2021 00:55,0,3200,3200
19.06.2021 01:00,0,3200,3200
19.06.2021 01:05,0,3200,3200
19.06.2021 01:10,0,3200,3200
19.06.2021 01:15,0,3200,3200
19.06.2021 01:20,0,3200,3200
19.06.2021 01:25,0,3200,3200
19.06.2021 01:30,0,3200,3200
19.06.2021 01:35,0,3200,3200
19.06.2021 01:40,0,3200,3200
19.06.2021 01:45,0,3200,3200
19.06.2021 01:50,0,3200,3200
19.06.2021 01:55,0,3200,3200
19.06.2021 02:00,0,3200,3200
19.06.2021 02:05,0,3200,3200
19.06.2021 02:10,0,3200,3200
19.06.2021 02:15,0,3200,3200
19.06.2021 02:20,0,3200,3200
19.06.2021 02:25,0,3200,3200
19.06.2021 02:30,0,3200,3200
19.06.2021 02:35,0,3200,3200
19.06.2021 02:40,0,3200,3200
19.06.2021 02:45,0,3200,3200
19.06.2021 02:50,0,3200,3200
19.06.2021 02:55,0,3200,3200
19.06.2021 03:00,0,3200,3200
19.06.2021 03:05,0,3200,3200
19.06.2021 03:10,0,3200,3200
19.06.2021 03:15,0,3200,3200
19.06.2021 03:20,0,3200,3200
19.06.2021 03:25,0,3200,3200
19.06.2021 03:30,0,3200,3200
19.06.2021 03:35,0,3200,3200
19.06.2021 03:40,0,3200,3200
19.06.2021 03:45,0,3200,3200
19.06.2021 03:50,0,3200,3200
19.06.2021 03:55,0,3200,3200
19.06.2021 04:00,0,3200,3200
19.06.2021 04:04,0,3200,3200
19.06.2021 04:10,0,3200,3200
19.06.2021 04:15,0,3200,3200
19.06.2021 04:20,0,3200,3200
19.06.2021 04:25,0,3200,3200
19.06.2021 04:30,0,3200,3200
19.06.2021 04:35,0,3200,3200
19.06.2021 04:40,0,3200,3200
19.06.2021 04:45,0,3200,3200
19.06.2021 04:50,0,3200,3200
19.06.2021 04:55,0,3200,3200
19.06.2021 05:00,0,3200,3200
19.06.2021 05:05,0,3200,3200
19.06.2021 05:10,0,3200,3200
19.06.2021 05:15,0,3200,3200
19.06.2021 05:20,0,3200,3200
19.06.2021 05:25,0,3200,3200
19.06.2021 05:30,0,3200,3200
19.06.2021 05:35,0,3200,3200
19.06.2021 05:40,0,3200,3200
19.06.2021 05:45,0,3200,3200
19.06.2021 05:50,0,3200,3200
19.06.2021 05:55,0,3200,3200
19.06.2021 06:00,0,3200,3200
19.06.2021 06:05,0,3200,3200
19.06.2021 06:10,0,3200,3200
19.06.2021 06:15,0,3200,3200
19.06.2021 06:20,0,3200,3200
19.06.2021 06:25,0,3200,3200
19.06.2021 06:30,0,3200,3200
19.06.2021 06:35,0,3200,3200
19.06.2021 06:40,0,3200,3200
19.06.2021 06:45,0,3200,3200
19.06.2021 06:50,0,3200,3200
19.06.2021 06:55,0,3200,3200
19.06.2021 07:00,0,3200,3200
19.06.2021 07:05,23,3177,3200
19.06.2021 07:10,28,3172,3200
19.06.2021 07:15,37,3163,3200
19.06.2021 07:20,43,3157,3200
19.06.2021 07:25,50,3150,3200
19.06.2021 07:30,50,3150,3200
19.06.2021 07:35,56,3144,3200
19.06.2021 07:40,57,3143,3200
19.06.2021 07:45,61,3139,3200
19.06.2021 07:50,59,3141,3200
19.06.2021 07:55,57,3143,3200
19.06.2021 08:00,54,3146,3200
19.06.2021 08:05,71,3129,3200
19.06.2021 08:10,77,3123,3200
19.06.2021 08:15,83,3117,3200
19.06.2021 08:20,79,3121,3200
19.06.2021 08:25,88,3112,3200
19.06.2021 08:30,96,3104,3200
19.06.2021 08:35,104,3096,3200
19.06.2021 08:40,111,3089,3200
19.06.2021 08:45,116,3084,3200
19.06.2021 08:50,124,3076,3200
19.06.2021 08:55,134,3066,3200
19.06.2021 09:00,140,3060,3200
19.06.2021 09:05,147,3053,3200
19.06.2021 09:10,150,3050,3200
19.06.2021 09:15,157,3043,3200
19.06.2021 09:20,175,3025,3200
19.06.2021 09:25,179,3021,3200
19.06.2021 09:30,194,3006,3200
19.06.2021 09:35,203,2997,3200
19.06.2021 09:40,208,2992,3200
19.06.2021 09:45,226,2974,3200
19.06.2021 09:50,249,2951,3200
19.06.2021 09:55,268,2932,3200
19.06.2021 10:00,273,2927,3200
19.06.2021 10:05,289,2911,3200
19.06.2021 10:10,307,2893,3200
19.06.2021 10:15,332,2868,3200
19.06.2021 10:20,348,2852,3200
19.06.2021 10:25,360,2840,3200
19.06.2021 10:30,389,2811,3200
19.06.2021 10:35,416,2784,3200
19.06.2021 10:40,403,2797,3200
19.06.2021 10:45,422,2778,3200
19.06.2021 10:50,450,2750,3200
19.06.2021 10:55,482,2718,3200
19.06.2021 11:00,497,2703,3200
19.06.2021 11:05,518,2682,3200
19.06.2021 11:10,532,2668,3200
19.06.2021 11:15,552,2648,3200
19.06.2021 11:20,562,2638,3200
19.06.2021 11:25,575,2625,3200
19.06.2021 11:30,606,2594,3200
19.06.2021 11:35,636,2564,3200
19.06.2021 11:40,660,2540,3200
19.06.2021 11:45,681,2519,3200
19.06.2021 11:50,708,2492,3200
19.06.2021 11:55,683,2517,3200
19.06.2021 12:00,711,2489,3200
19.06.2021 12:05,750,2450,3200
19.06.2021 12:10,779,2421,3200
19.06.2021 12:15,815,2385,3200
19.06.2021 12:20,832,2368,3200
19.06.2021 12:25,875,2325,3200
19.06.2021 12:30,904,2296,3200
19.06.2021 12:35,926,2274,3200
19.06.2021 12:40,950,2250,3200
19.06.2021 12:45,1009,2191,3200
19.06.2021 12:50,1035,2165,3200
19.06.2021 12:55,1058,2142,3200
19.06.2021 13:00,1068,2132,3200
19.06.2021 13:05,1089,2111,3200
19.06.2021 13:10,1121,2079,3200
19.06.2021 13:15,1141,2059,3200
19.06.2021 13:20,1172,2028,3200
19.06.2021 13:25,1218,1982,3200
19.06.2021 13:30,1266,1934,3200
19.06.2021 13:35,1295,1905,3200
19.06.2021 13:40,1351,1849,3200
19.06.2021 13:45,1388,1812,3200
19.06.2021 13:50,1427,1773,3200
19.06.2021 13:55,1456,1744,3200
19.06.2021 14:00,1502,1698,3200
19.06.2021 14:05,1500,1700,3200
19.06.2021 14:10,1547,1653,3200
19.06.2021 14:15,1599,1601,3200
19.06.2021 14:20,1626,1574,3200
19.06.2021 14:25,1669,1531,3200
19.06.2021 14:30,1697,1503,3200
19.06.2021 14:35,1736,1464,3200
19.06.2021 14:40,1786,1414,3200
19.06.2021 14:45,1840,1360,3200
19.06.2021 14:50,1837,1363,3200
19.06.2021 14:55,1870,1330,3200
19.06.2021 15:00,1901,1299,3200
19.06.2021 15:05,1931,1269,3200
19.06.2021 15:10,1962,1238,3200
19.06.2021 15:15,1951,1249,3200
19.06.2021 15:20,1972,1228,3200
19.06.2021 15:25,1982,1218,3200
19.06.2021 15:30,1993,1207,3200
19.06.2021 15:35,2001,1199,3200
19.06.2021 15:40,1985,1215,3200
19.06.2021 15:45,1983,1217,3200
19.06.2021 15:50,1991,1209,3200
19.06.2021 15:55,1986,1214,3200
19.06.2021 16:00,1992,1208,3200
19.06.2021 16:04,1985,1215,3200
19.06.2021 16:10,1984,1216,3200
19.06.2021 16:15,1973,1227,3200
19.06.2021 16:20,1929,1271,3200
19.06.2021 16:25,1888,1312,3200
19.06.2021 16:30,1878,1322,3200
19.06.2021 16:35,1861,1339,3200
19.06.2021 16:40,1832,1368,3200
19.06.2021 16:45,1807,1393,3200
19.06.2021 16:50,1771,1429,3200
19.06.2021 16:55,1742,1458,3200
19.06.2021 17:00,1562,1638,3200
19.06.2021 17:05,1539,1661,3200
19.06.2021 17:10,1519,1681,3200
19.06.2021 17:15,1488,1712,3200
19.06.2021 17:20,1450,1750,3200
19.06.2021 17:25,1422,1778,3200
19.06.2021 17:30,1376,1824,3200
19.06.2021 17:35,1338,1862,3200
19.06.2021 17:40,1295,1905,3200
19.06.2021 17:45,1249,1951,3200
19.06.2021 17:50,1184,2016,3200
19.06.2021 17:55,1147,2053,3200
19.06.2021 18:00,1109,2091,3200
19.06.2021 18:05,1053,2147,3200
19.06.2021 18:10,1009,2191,3200
19.06.2021 18:15,966,2234,3200
19.06.2021 18:20,918,2282,3200
19.06.2021 18:25,895,2305,3200
19.06.2021 18:30,870,2330,3200
19.06.2021 18:35,841,2359,3200
19.06.2021 18:40,819,2381,3200
19.06.2021 18:45,784,2416,3200
19.06.2021 18:50,750,2450,3200
19.06.2021 18:55,733,2467,3200
19.06.2021 19:00,693,2507,3200
19.06.2021 19:05,652,2548,3200
19.06.2021 19:10,631,2569,3200
19.06.2021 19:15,612,2588,3200
19.06.2021 19:20,593,2607,3200
19.06.2021 19:25,564,2636,3200
19.06.2021 19:30,528,2672,3200
19.06.2021 19:35,495,2705,3200
19.06.2021 19:40,466,2734,3200
19.06.2021 19:45,434,2766,3200
19.06.2021 19:50,390,2810,3200
19.06.2021 19:55,348,2852,3200
19.06.2021 20:00,316,2884,3200
19.06.2021 20:05,284,2916,3200
19.06.2021 20:10,249,2951,3200
19.06.2021 20:15,235,2965,3200
19.06.2021 20:20,215,2985,3200
19.06.2021 20:25,215,2985,3200
19.06.2021 20:30,215,2985,3200
19.06.2021 20:35,211,2989,3200
19.06.2021 20:40,206,2994,3200
19.06.2021 20:45,202,2998,3200
19.06.2021 20:50,202,2998,3200
19.06.2021 20:55,196,3004,3200
19.06.2021 21:00,190,3010,3200
19.06.2021 21:05,188,3012,3200
19.06.2021 21:10,188,3012,3200
19.06.2021 21:15,185,3015,3200
19.06.2021 21:20,184,3016,3200
19.06.2021 21:25,184,3016,3200
19.06.2021 21:30,183,3017,3200
19.06.2021 21:35,183,3017,3200
19.06.2021 21:40,181,3019,3200
19.06.2021 21:45,181,3019,3200
19.06.2021 21:50,181,3019,3200
19.06.2021 21:55,181,3019,3200
19.06.2021 22:00,179,3021,3200
19.06.2021 22:05,177,3023,3200
19.06.2021 22:10,177,3023,3200
19.06.2021 22:15,177,3023,3200
19.06.2021 22:20,176,3024,3200
19.06.2021 22:25,176,3024,3200
19.06.2021 22:30,176,3024,3200
19.06.2021 22:35,176,3024,3200
19.06.2021 22:40,176,3024,3200
19.06.2021 22:45,176,3024,3200
19.06.2021 22:50,176,3024,3200
19.06.2021 22:55,176,3024,3200
19.06.2021 23:00,176,3024,3200
19.06.2021 23:05,176,3024,3200
19.06.2021 23:10,172,3028,3200
19.06.2021 23:15,172,3028,3200
19.06.2021 23:20,172,3028,3200
19.06.2021 23:25,172,3028,3200
19.06.2021 23:30,172,3028,3200
19.06.2021 23:35,172,3028,3200
19.06.2021 23:40,172,3028,3200
19.06.2021 23:45,172,3028,3200
19.06.2021 23:50,172,3028,3200
19.06.2021 23:55,172,3028,3200
20.06.2021 00:00,172,3028,3200
20.06.2021 00:05,0,3200,3200
20.06.2021 00:10,0,3200,3200
20.06.2021 00:15,0,3200,3200
20.06.2021 00:20,0,3200,3200
20.06.2021 00:25,0,3200,3200
20.06.2021 00:30,0,3200,3200
20.06.2021 00:35,0,3200,3200
20.06.2021 00:40,0,3200,3200
20.06.2021 00:45,0,3200,3200
20.06.2021 00:50,0,3200,3200
20.06.2021 00:55,0,3200,3200
20.06.2021 01:00,0,3200,3200
20.06.2021 01:05,0,3200,3200
20.06.2021 01:10,0,3200,3200
20.06.2021 01:15,0,3200,3200
20.06.2021 01:20,0,3200,3200
20.06.2021 01:25,0,3200,3200
20.06.2021 01:30,0,3200,3200
20.06.2021 01:35,0,3200,3200
20.06.2021 01:40,0,3200,3200
20.06.2021 01:45,0,3200,3200
20.06.2021 01:50,0,3200,3200
20.06.2021 01:55,1,3199,3200
20.06.2021 02:00,1,3199,3200
20.06.2021 02:05,1,3199,3200
20.06.2021 02:10,1,3199,3200
20.06.2021 02:15,1,3199,3200
20.06.2021 02:20,1,3199,3200
20.06.2021 02:25,1,3199,3200
20.06.2021 02:30,1,3199,3200
20.06.2021 02:35,1,3199,3200
20.06.2021 02:40,1,3199,3200
20.06.2021 02:45,1,3199,3200
20.06.2021 02:50,1,3199,3200
20.06.2021 02:55,1,3199,3200
20.06.2021 03:00,1,3199,3200
20.06.2021 03:05,1,3199,3200
20.06.2021 03:10,1,3199,3200
20.06.2021 03:15,1,3199,3200
20.06.2021 03:20,1,3199,3200
20.06.2021 03:25,1,3199,3200
20.06.2021 03:30,1,3199,3200
20.06.2021 03:35,1,3199,3200
20.06.2021 03:40,1,3199,3200
20.06.2021 03:45,1,3199,3200
20.06.2021 03:50,1,3199,3200
20.06.2021 03:55,1,3199,3200
20.06.2021 04:00,1,3199,3200
20.06.2021 04:04,1,3199,3200
20.06.2021 04:10,1,3199,3200
20.06.2021 04:15,1,3199,3200
20.06.2021 04:20,1,3199,3200
20.06.2021 04:25,1,3199,3200
20.06.2021 04:30,1,3199,3200
20.06.2021 04:35,1,3199,3200
20.06.2021 04:40,1,3199,3200
20.06.2021 04:45,1,3199,3200
20.06.2021 04:50,1,3199,3200
20.06.2021 04:55,1,3199,3200
20.06.2021 05:00,1,3199,3200
20.06.2021 05:05,1,3199,3200
20.06.2021 05:10,1,3199,3200
20.06.2021 05:15,1,3199,3200
20.06.2021 05:20,1,3199,3200
20.06.2021 05:25,1,3199,3200
20.06.2021 05:30,1,3199,3200
20.06.2021 05:35,1,3199,3200
20.06.2021 05:40,1,3199,3200
20.06.2021 05:45,2,3198,3200
20.06.2021 05:50,2,3198,3200
20.06.2021 05:55,2,3198,3200
20.06.2021 06:00,2,3198,3200
20.06.2021 06:05,2,3198,3200
20.06.2021 06:10,2,3198,3200
20.06.2021 06:15,2,3198,3200
20.06.2021 06:20,2,3198,3200
20.06.2021 06:25,2,3198,3200
20.06.2021 06:30,2,3198,3200
20.06.2021 06:35,2,3198,3200
20.06.2021 06:40,2,3198,3200
20.06.2021 06:45,2,3198,3200
20.06.2021 06:50,2,3198,3200
20.06.2021 06:55,2,3198,3200
20.06.2021 07:00,2,3198,3200
20.06.2021 07:05,23,3177,3200
20.06.2021 07:10,26,3174,3200
20.06.2021 07:15,33,3167,3200
20.06.2021 07:20,36,3164,3200
20.06.2021 07:25,41,3159,3200
20.06.2021 07:30,44,3156,3200
20.06.2021 07:35,47,3153,3200
20.06.2021 07:40,52,3148,3200
20.06.2021 07:45,58,3142,3200
20.06.2021 07:50,59,3141,3200
20.06.2021 07:55,59,3141,3200
20.06.2021 08:00,64,3136,3200
20.06.2021 08:05,67,3133,3200
20.06.2021 08:10,64,3136,3200
20.06.2021 08:15,68,3132,3200
20.06.2021 08:20,66,3134,3200
20.06.2021 08:25,70,3130,3200
20.06.2021 08:30,72,3128,3200
20.06.2021 08:35,75,3125,3200
20.06.2021 08:40,84,3116,3200
20.06.2021 08:45,87,3113,3200
20.06.2021 08:50,87,3113,3200
20.06.2021 08:55,92,3108,3200
20.06.2021 09:00,106,3094,3200
20.06.2021 09:05,110,3090,3200
20.06.2021 09:10,119,3081,3200
20.06.2021 09:15,140,3060,3200
20.06.2021 09:20,141,3059,3200
20.06.2021 09:25,160,3040,3200
20.06.2021 09:30,172,3028,3200
20.06.2021 09:35,185,3015,3200
20.06.2021 09:40,188,3012,3200
20.06.2021 09:45,204,2996,3200
20.06.2021 09:50,227,2973,3200
20.06.2021 09:55,233,2967,3200
20.06.2021 10:00,255,2945,3200
20.06.2021 10:05,267,2933,3200
20.06.2021 10:10,286,2914,3200
20.06.2021 10:15,315,2885,3200
20.06.2021 10:20,327,2873,3200
20.06.2021 10:25,344,2856,3200
20.06.2021 10:30,369,2831,3200
20.06.2021 10:35,396,2804,3200
20.06.2021 10:40,433,2767,3200
20.06.2021 10:45,447,2753,3200
20.06.2021 10:50,467,2733,3200
20.06.2021 10:55,488,2712,3200
20.06.2021 11:00,521,2679,3200
20.06.2021 11:05,548,2652,3200
20.06.2021 11:10,539,2661,3200
20.06.2021 11:15,568,2632,3200
20.06.2021 11:20,587,2613,3200
20.06.2021 11:25,631,2569,3200
20.06.2021 11:30,653,2547,3200
20.06.2021 11:35,670,2530,3200
20.06.2021 11:40,705,2495,3200
20.06.2021 11:45,721,2479,3200
20.06.2021 11:50,759,2441,3200
20.06.2021 11:55,779,2421,3200
20.06.2021 12:00,828,2372,3200
20.06.2021 12:05,847,2353,3200
20.06.2021 12:10,864,2336,3200
20.06.2021 12:15,886,2314,3200
20.06.2021 12:20,927,2273,3200
20.06.2021 12:25,942,2258,3200
20.06.2021 12:30,1005,2195,3200
20.06.2021 12:35,1045,2155,3200
20.06.2021 12:40,1070,2130,3200
20.06.2021 12:45,1110,2090,3200
20.06.2021 12:50,1120,2080,3200
20.06.2021 12:55,1128,2072,3200
20.06.2021 13:00,1157,2043,3200
20.06.2021 13:05,1191,2009,3200
20.06.2021 13:10,1208,1992,3200
20.06.2021 13:15,1238,1962,3200
20.06.2021 13:20,1276,1924,3200
20.06.2021 13:25,1315,1885,3200
20.06.2021 13:30,1303,1897,3200
20.06.2021 13:35,1300,1900,3200
20.06.2021 13:40,1307,1893,3200
20.06.2021 13:45,1345,1855,3200
20.06.2021 13:50,1382,1818,3200
20.06.2021 13:55,1420,1780,3200
20.06.2021 14:00,1440,1760,3200
20.06.2021 14:05,1482,1718,3200
20.06.2021 14:10,1514,1686,3200
20.06.2021 14:15,1531,1669,3200
20.06.2021 14:20,1539,1661,3200
20.06.2021 14:25,1563,1637,3200
20.06.2021 14:30,1560,1640,3200
20.06.2021 14:35,1578,1622,3200
20.06.2021 14:40,1580,1620,3200
20.06.2021 14:45,1600,1600,3200
20.06.2021 14:50,1599,1601,3200
20.06.2021 14:55,1598,1602,3200
20.06.2021 15:00,1560,1640,3200
20.06.2021 15:05,1504,1696,3200
20.06.2021 15:10,1412,1788,3200
20.06.2021 15:15,1304,1896,3200
20.06.2021 15:20,1233,1967,3200
20.06.2021 15:25,1136,2064,3200
20.06.2021 15:30,1059,2141,3200
20.06.2021 15:35,1025,2175,3200
20.06.2021 15:40,956,2244,3200
20.06.2021 15:45,907,2293,3200
20.06.2021 15:50,848,2352,3200
20.06.2021 15:55,797,2403,3200
20.06.2021 16:00,774,2426,3200
20.06.2021 16:04,757,2443,3200
20.06.2021 16:10,751,2449,3200
20.06.2021 16:15,751,2449,3200
20.06.2021 16:20,745,2455,3200
20.06.2021 16:25,740,2460,3200
20.06.2021 16:30,737,2463,3200
20.06.2021 16:35,737,2463,3200
20.06.2021 16:40,738,2462,3200
20.06.2021 16:45,739,2461,3200
20.06.2021 16:50,742,2458,3200
20.06.2021 16:55,740,2460,3200
20.06.2021 17:00,742,2458,3200
20.06.2021 17:05,733,2467,3200
20.06.2021 17:10,741,2459,3200
20.06.2021 17:15,748,2452,3200
20.06.2021 17:20,753,2447,3200
20.06.2021 17:25,751,2449,3200
20.06.2021 17:30,756,2444,3200
20.06.2021 17:35,748,2452,3200
20.06.2021 17:40,747,2453,3200
20.06.2021 17:45,747,2453,3200
20.06.2021 17:50,744,2456,3200
20.06.2021 17:55,748,2452,3200
20.06.2021 18:00,747,2453,3200
20.06.2021 18:05,752,2448,3200
20.06.2021 18:10,753,2447,3200
20.06.2021 18:15,754,2446,3200
20.06.2021 18:20,753,2447,3200
20.06.2021 18:25,757,2443,3200
20.06.2021 18:30,758,2442,3200
20.06.2021 18:35,757,2443,3200
20.06.2021 18:40,755,2445,3200
20.06.2021 18:45,750,2450,3200
20.06.2021 18:50,745,2455,3200
20.06.2021 18:55,746,2454,3200
20.06.2021 19:00,740,2460,3200
20.06.2021 19:05,739,2461,3200
20.06.2021 19:10,739,2461,3200
20.06.2021 19:15,739,2461,3200
20.06.2021 19:20,724,2476,3200
20.06.2021 19:25,711,2489,3200
20.06.2021 19:30,701,2499,3200
20.06.2021 19:35,688,2512,3200
20.06.2021 19:40,682,2518,3200
20.06.2021 19:45,681,2519,3200
20.06.2021 19:50,681,2519,3200
20.06.2021 19:55,680,2520,3200
20.06.2021 20:00,678,2522,3200
20.06.2021 20:05,678,2522,3200
20.06.2021 20:10,678,2522,3200
20.06.2021 20:15,678,2522,3200
20.06.2021 20:20,677,2523,3200
20.06.2021 20:25,677,2523,3200
20.06.2021 20:30,676,2524,3200
20.06.2021 20:35,676,2524,3200
20.06.2021 20:40,676,2524,3200
20.06.2021 20:45,676,2524,3200
20.06.2021 20:50,676,2524,3200
20.06.2021 20:55,676,2524,3200
20.06.2021 21:00,675,2525,3200
20.06.2021 21:05,675,2525,3200
20.06.2021 21:10,675,2525,3200
20.06.2021 21:15,675,2525,3200
20.06.2021 21:20,675,2525,3200
20.06.2021 21:25,675,2525,3200
20.06.2021 21:30,675,2525,3200
20.06.2021 21:35,675,2525,3200
20.06.2021 21:40,675,2525,3200
20.06.2021 21:45,675,2525,3200
20.06.2021 21:50,675,2525,3200
20.06.2021 21:55,675,2525,3200
20.06.2021 22:00,675,2525,3200
20.06.2021 22:05,675,2525,3200
20.06.2021 22:10,675,2525,3200
20.06.2021 22:15,675,2525,3200
20.06.2021 22:20,675,2525,3200
20.06.2021 22:25,675,2525,3200
20.06.2021 22:30,675,2525,3200
20.06.2021 22:35,675,2525,3200
20.06.2021 22:40,675,2525,3200
20.06.2021 22:45,675,2525,3200
20.06.2021 22:50,675,2525,3200
20.06.2021 22:55,675,2525,3200
20.06.2021 23:00,675,2525,3200
20.06.2021 23:05,675,2525,3200
20.06.2021 23:10,675,2525,3200
20.06.2021 23:15,675,2525,3200
20.06.2021 23:20,675,2525,3200
20.06.2021 23:25,675,2525,3200
20.06.2021 23:30,675,2525,3200
20.06.2021 23:35,675,2525,3200
20.06.2021 23:40,675,2525,3200
20.06.2021 23:45,675,2525,3200
20.06.2021 23:50,675,2525,3200
20.06.2021 23:55,675,2525,3200